image_url,space_id
https://moplqfgeemqv2103108.cdn.ntruss.com/service/157672891_d701b51bcc718158223a9bf90f496f49.jpeg?type=m&w=900&h=900&autorotate=true&quality=90,10
https://moplqfgeemqv2103108.cdn.ntruss.com/service/157672892_5bcdc9aac73f6788fe886ca586e564af.jpeg?type=m&w=900&h=900&autorotate=true&quality=90,7
https://moplqfgeemqv2103108.cdn.ntruss.com/service/157672893_d6934ddfaac6d1a5bd4f5bfdbe6fa899.jpeg?type=m&w=900&h=900&autorotate=true&quality=90,1
https://moplqfgeemqv2103108.cdn.ntruss.com/service/157673033_0fed3fbd057c449b66e91289691618fc.jpeg?type=m&w=900&h=900&autorotate=true&quality=90,4
https://moplqfgeemqv2103108.cdn.ntruss.com/service/157673035_07d031b108fbb62ce109be8cd7422d24.jpeg?type=m&w=900&h=900&autorotate=true&quality=90,1
https://moplqfgeemqv2103108.cdn.ntruss.com/service/157673063_ac39c12c256b49060ddb0dc2a091e648.jpeg?type=m&w=900&h=900&autorotate=true&quality=90,6
https://moplqfgeemqv2103108.cdn.ntruss.com/service/157673065_325c2d9e59a1c8424fc76f6880c59327.jpeg?type=m&w=900&h=900&autorotate=true&quality=90,1
https://moplqfgeemqv2103108.cdn.ntruss.com/service/157673066_ce552ba4dfe8fafcf38a61230284d8ad.jpeg?type=m&w=900&h=900&autorotate=true&quality=90,7
https://moplqfgeemqv2103108.cdn.ntruss.com/service/157673067_c30f1289bdf276606e16ff841a5f5e2a.jpeg?type=m&w=900&h=900&autorotate=true&quality=90,5
https://moplqfgeemqv2103108.cdn.ntruss.com/pstatic-scloud/20190604_220/1559659452671jGATo_JPEG/16F1FBEC-48DD-4AD0-9947-08CDA8C35638.jpeg?type=m&w=900&h=900&autorotate=true&quality=90,2
https://moplqfgeemqv2103108.cdn.ntruss.com/pstatic-scloud/20190604_100/1559659435068ntAwQ_JPEG/AA9706BD-C625-464A-B017-1C03917527DC.jpeg?type=m&w=900&h=900&autorotate=true&quality=90,11
https://moplqfgeemqv2103108.cdn.ntruss.com/pstatic-scloud/20190604_91/1559659742981Nx188_JPEG/065D4486-EB8F-4353-AA09-D568921263F6.jpeg?type=m&w=900&h=900&autorotate=true&quality=90,10
https://moplqfgeemqv2103108.cdn.ntruss.com/pstatic-scloud/20190221_259/1550688711641RkoTu_JPEG/P20181213_214849501_EF9D9C4E-B9A9-4B22-817C-410134E5DF71.JPG?type=m&w=900&h=900&autorotate=true&quality=90,2
https://moplqfgeemqv2103108.cdn.ntruss.com/pstatic-scloud/20190221_69/1550688728096fr9NA_JPEG/P20181218_181558761_2B33DB1A-9844-49DE-9B98-8143AAA272A8.JPG?type=m&w=900&h=900&autorotate=true&quality=90,10
https://moplqfgeemqv2103108.cdn.ntruss.com/pstatic-scloud/20190601_101/1559372666207jIsCM_JPEG/C9793415-9D9F-4606-A3C0-531F149C4A50.jpeg?type=m&w=900&h=900&autorotate=true&quality=90,7
https://moplqfgeemqv2103108.cdn.ntruss.com/pstatic-scloud/20190604_28/15596594622169az3Y_JPEG/013CAC09-37D7-4BA0-8F5C-DB8B6B238A1E.jpeg?type=m&w=900&h=900&autorotate=true&quality=90,6
https://moplqfgeemqv2103108.cdn.ntruss.com/pstatic-scloud/20190604_42/155965947764516kjm_JPEG/500090F9-A93C-4917-87BD-BED7B7164AF7.jpeg?type=m&w=900&h=900&autorotate=true&quality=90,4
https://moplqfgeemqv2103108.cdn.ntruss.com/pstatic-scloud/20190604_9/1559659497958CTnpQ_JPEG/DF83EE5C-561C-4C89-A69C-7ADD57A86023.jpeg?type=m&w=900&h=900&autorotate=true&quality=90,11
https://moplqfgeemqv2103108.cdn.ntruss.com/pstatic-scloud/20190601_49/155937279497667EBY_JPEG/C4A99970-5F53-45AC-84BB-0A0E6A176033.jpeg?type=m&w=900&h=900&autorotate=true&quality=90,2
https://moplqfgeemqv2103108.cdn.ntruss.com/pstatic-scloud/20180801_270/15331301175752hNUw_JPEG/02_.jpg?type=m&w=900&h=900&autorotate=true&quality=90,8
https://moplqfgeemqv2103108.cdn.ntruss.com/pstatic-scloud/20180801_269/1533130120971xEtc2_JPEG/04_3.jpg?type=m&w=900&h=900&autorotate=true&quality=90,10
https://moplqfgeemqv2103108.cdn.ntruss.com/pstatic-scloud/20180801_2/1533130123673CDDBo_JPEG/04_.jpg?type=m&w=900&h=900&autorotate=true&quality=90,5
https://moplqfgeemqv2103108.cdn.ntruss.com/pstatic-scloud/20180801_176/1533130132270rhJw6_JPEG/11_.jpg?type=m&w=900&h=900&autorotate=true&quality=90,1
https://moplqfgeemqv2103108.cdn.ntruss.com/pstatic-scloud/20180801_127/1533130136985yROzf_JPEG/SPY.JPG?type=m&w=900&h=900&autorotate=true&quality=90,11
https://moplqfgeemqv2103108.cdn.ntruss.com/pstatic-scloud/20180801_225/1533130170334xvCw5_JPEG/05_.jpg?type=m&w=900&h=900&autorotate=true&quality=90,8
https://moplqfgeemqv2103108.cdn.ntruss.com/pstatic-scloud/20180801_148/1533130182711Wsgmd_JPEG/03_1.jpg?type=m&w=900&h=900&autorotate=true&quality=90,2
https://moplqfgeemqv2103108.cdn.ntruss.com/pstatic-scloud/20180801_68/1533130186775idpv6_JPEG/09_.jpg?type=m&w=900&h=900&autorotate=true&quality=90,11
https://moplqfgeemqv2103108.cdn.ntruss.com/pstatic-scloud/20180801_92/1533131706920Fa0fk_JPEG/06_.jpg?type=m&w=900&h=900&autorotate=true&quality=90,8
https://moplqfgeemqv2103108.cdn.ntruss.com/pstatic-scloud/20181013_33/1539416571474p5T5f_JPEG/0DF655DC-C3A3-43D5-A3FD-D2526BF73FE7.jpeg?type=m&w=900&h=900&autorotate=true&quality=90,1
https://moplqfgeemqv2103108.cdn.ntruss.com/pstatic-scloud/20170902_281/1504333438203IyVn1_JPEG/1504333426266.jpg?type=m&w=900&h=900&autorotate=true&quality=90,1
https://moplqfgeemqv2103108.cdn.ntruss.com/pstatic-scloud/20180203_249/1517651733938Ej2B8_JPEG/1517651097972.jpg?type=m&w=900&h=900&autorotate=true&quality=90,3
https://moplqfgeemqv2103108.cdn.ntruss.com/pstatic-scloud/20180203_91/1517651773551FsFyO_JPEG/1517651613861.jpg?type=m&w=900&h=900&autorotate=true&quality=90,7
https://moplqfgeemqv2103108.cdn.ntruss.com/pstatic-scloud/20180203_110/1517651787077gTwzz_JPEG/1517651614650.jpg?type=m&w=900&h=900&autorotate=true&quality=90,9
https://moplqfgeemqv2103108.cdn.ntruss.com/pstatic-scloud/20180203_166/1517651792953C6os9_JPEG/1517651616202.jpg?type=m&w=900&h=900&autorotate=true&quality=90,2
https://moplqfgeemqv2103108.cdn.ntruss.com/pstatic-scloud/20180203_100/1517651802625kR3mP_JPEG/20180203_160627.jpg?type=m&w=900&h=900&autorotate=true&quality=90,1
https://moplqfgeemqv2103108.cdn.ntruss.com/pstatic-scloud/20180203_74/1517651825469UtCOC_JPEG/20180203_160503.jpg?type=m&w=900&h=900&autorotate=true&quality=90,9
https://moplqfgeemqv2103108.cdn.ntruss.com/pstatic-scloud/20190314_294/1552565385146xx7er_JPEG/1552563035963.jpg?type=m&w=900&h=900&autorotate=true&quality=90,9
https://moplqfgeemqv2103108.cdn.ntruss.com/pstatic-scloud/20190314_210/1552565410656WGSDt_JPEG/1552563034647.jpg?type=m&w=900&h=900&autorotate=true&quality=90,10
